,experiment,experiment_version,makespan,downtime_over_makespan,downtime_per_machine,usage,total_work_content,status,runtime,gap
0,Experiment 1,3 Layers,32.0,"[[(0.0, 32.0)], [(28, 4.0)], [(0.0, 32.0)], [(22, 2)], [(0.0, 32.0)]]","[[32.0], [4.0], [], [2], [32.0]]","[(0, 0.0, 0.0), (1, 28, 0.875), (2, 32, 1.0), (3, 30, 0.9375), (4, 0.0, 0.0)]",90,2,0.5889999866485596,0.0
1,Experiment 1,4 Layers,19.0,"[[(0.0, 19.0)], [(14, 5.0)], [(16, 3.0)], [(15, 4.0)], [(0.0, 2.0), (14, 1)], [(0.0, 4.0)], [(0.0, 4.0), (18, 1.0)], [(0.0, 19.0)]]","[[19.0], [5.0], [3.0], [4.0], [2.0, 1], [4.0], [4.0, 1.0], [19.0]]","[(0, 0.0, 0.0), (1, 14, 0.7368421052631579), (2, 16, 0.8421052631578947), (3, 15, 0.7894736842105263), (4, 16, 0.8421052631578947), (5, 15, 0.7894736842105263), (6, 14, 0.7368421052631579), (7, 0.0, 0.0)]",90,2,3.0929999351501465,0.0
2,Experiment 1,5 Layers,16.0,"[[(0.0, 16.0)], [(12, 4.0)], [(11, 5.0)], [(12, 4.0)], [(0.0, 2.0), (4, 1), (11, 1), (13, 3.0)], [(0.0, 5.0), (6, 3), (14, 2.0)], [(0.0, 2.0), (6, 2), (14, 2.0)], [(0.0, 4.0)], [(0.0, 7.0), (9, 2)], [(0.0, 4.0), (15, 1.0)], [(0.0, 16.0)]]","[[16.0], [4.0], [5.0], [4.0], [2.0, 1, 1, 3.0], [5.0, 3, 2.0], [2.0, 2, 2.0], [4.0], [7.0, 2], [4.0, 1.0], [16.0]]","[(0, 0.0, 0.0), (1, 12, 0.75), (2, 11, 0.6875), (3, 12, 0.75), (4, 9, 0.5625), (5, 6, 0.375), (6, 10, 0.625), (7, 12, 0.75), (8, 7, 0.4375), (9, 11, 0.6875), (10, 0.0, 0.0)]",90,2,1.8640000820159912,0.0
3,Experiment 1,6 Layers,13.0,"[[(0.0, 13.0)], [(8, 5.0)], [(9, 4.0)], [(8, 5.0)], [(0.0, 2.0), (10, 3.0)], [(0.0, 2.0), (3, 1), (10, 3.0)], [(0.0, 2.0), (5, 1), (8, 5.0)], [(0.0, 4.0), (12, 1.0)], [(0.0, 3.0), (12, 1.0)], [(0.0, 4.0), (12, 1.0)], [(0.0, 6.0)], [(0.0, 7.0)], [(0.0, 5.0), (6, 1)], [(0.0, 13.0)]]","[[13.0], [5.0], [4.0], [5.0], [2.0, 3.0], [2.0, 1, 3.0], [2.0, 1, 5.0], [4.0, 1.0], [3.0, 1.0], [4.0, 1.0], [6.0], [7.0], [5.0, 1], [13.0]]","[(0, 0.0, 0.0), (1, 8, 0.6153846153846154), (2, 9, 0.6923076923076923), (3, 8, 0.6153846153846154), (4, 8, 0.6153846153846154), (5, 7, 0.5384615384615384), (6, 5, 0.38461538461538464), (7, 8, 0.6153846153846154), (8, 9, 0.6923076923076923), (9, 8, 0.6153846153846154), (10, 7, 0.5384615384615384), (11, 6, 0.46153846153846156), (12, 7, 0.5384615384615384), (13, 0.0, 0.0)]",90,2,7.618000030517578,0.0
4,Experiment 2,No Flexibility,18.0,"[[(0.0, 18.0)], [(4, 2), (7, 11.0)], [(10, 8.0)], [(15, 3.0)], [(0.0, 1.0), (4, 3), (8, 3), (12, 6.0)], [(0.0, 2.0), (12, 6.0)], [(0.0, 3.0)], [(0.0, 18.0)]]","[[18.0], [2, 11.0], [8.0], [3.0], [1.0, 3, 3, 6.0], [2.0, 6.0], [3.0], [18.0]]","[(0, 0.0, 0.0), (1, 5, 0.2777777777777778), (2, 10, 0.5555555555555556), (3, 15, 0.8333333333333334), (4, 5, 0.2777777777777778), (5, 10, 0.5555555555555556), (6, 15, 0.8333333333333334), (7, 0.0, 0.0)]",60,2,0.04900002479553223,0.0
5,Experiment 2,Low Flexibility,13.0,"[[(0.0, 13.0)], [(10, 3.0)], [(4, 1), (10, 1), (12, 1.0)], [(8, 1), (11, 2.0)], [(0.0, 2.0), (6, 1)], [(0.0, 3.0)], [(0.0, 3.0)], [(0.0, 13.0)]]","[[13.0], [3.0], [1, 1, 1.0], [1, 2.0], [2.0, 1], [3.0], [3.0], [13.0]]","[(0, 0.0, 0.0), (1, 10, 0.7692307692307693), (2, 10, 0.7692307692307693), (3, 10, 0.7692307692307693), (4, 10, 0.7692307692307693), (5, 10, 0.7692307692307693), (6, 10, 0.7692307692307693), (7, 0.0, 0.0)]",60,2,1.0429999828338623,0.0
6,Experiment 2,High Flexibility,13.0,"[[(0.0, 13.0)], [(8, 1), (10, 3.0)], [(10, 3.0)], [(11, 2.0)], [(0.0, 4.0)], [(0.0, 3.0)], [(0.0, 2.0)], [(0.0, 13.0)]]","[[13.0], [1, 3.0], [3.0], [2.0], [4.0], [3.0], [2.0], [13.0]]","[(0, 0.0, 0.0), (1, 9, 0.6923076923076923), (2, 10, 0.7692307692307693), (3, 11, 0.8461538461538461), (4, 9, 0.6923076923076923), (5, 10, 0.7692307692307693), (6, 11, 0.8461538461538461), (7, 0.0, 0.0)]",60,2,51.83400011062622,0.0
7,Experiment 3,Batch size of 5,6.0,"[[(0.0, 6.0)], [(2, 4.0)], [(4, 2.0)], [(4, 2.0)], [(0.0, 2.0)], [(0.0, 2.0)], [(0.0, 4.0)], [(0.0, 6.0)]]","[[6.0], [4.0], [2.0], [2.0], [2.0], [2.0], [4.0], [6.0]]","[(0, 0.0, 0.0), (1, 2, 0.3333333333333333), (2, 4, 0.6666666666666666), (3, 4, 0.6666666666666666), (4, 4, 0.6666666666666666), (5, 4, 0.6666666666666666), (6, 2, 0.3333333333333333), (7, 0.0, 0.0)]",20,2,0.04399991035461426,0.0
8,Experiment 3,Batch size of 10,10.0,"[[(0.0, 10.0)], [(8, 2.0)], [(4, 6.0)], [(8, 2.0)], [(0.0, 2.0), (6, 2)], [(0.0, 4.0)], [(0.0, 2.0)], [(0.0, 10.0)]]","[[10.0], [2.0], [6.0], [2.0], [2.0, 2], [4.0], [2.0], [10.0]]","[(0, 0.0, 0.0), (1, 8, 0.8), (2, 4, 0.4), (3, 8, 0.8), (4, 6, 0.6), (5, 6, 0.6), (6, 8, 0.8), (7, 0.0, 0.0)]",40,2,0.4479999542236328,0.0
9,Experiment 3,Batch size of 15,12.0,"[[(0.0, 12.0)], [(10, 2.0)], [(10, 2.0)], [(10, 2.0)], [(0.0, 2.0)], [(0.0, 2.0)], [(0.0, 2.0)], [(0.0, 12.0)]]","[[12.0], [2.0], [2.0], [2.0], [2.0], [2.0], [2.0], [12.0]]","[(0, 0.0, 0.0), (1, 10, 0.8333333333333334), (2, 10, 0.8333333333333334), (3, 10, 0.8333333333333334), (4, 10, 0.8333333333333334), (5, 10, 0.8333333333333334), (6, 10, 0.8333333333333334), (7, 0.0, 0.0)]",60,2,2.9670000076293945,0.0
10,Experiment 3,Batch size of 20,16.0,"[[(0.0, 16.0)], [(8, 1), (13, 3.0)], [(14, 2.0)], [(14, 2.0)], [(0.0, 2.0)], [(0.0, 2.0)], [(0.0, 2.0), (4, 2)], [(0.0, 16.0)]]","[[16.0], [1, 3.0], [2.0], [2.0], [2.0], [2.0], [2.0, 2], [16.0]]","[(0, 0.0, 0.0), (1, 12, 0.75), (2, 14, 0.875), (3, 14, 0.875), (4, 14, 0.875), (5, 14, 0.875), (6, 12, 0.75), (7, 0.0, 0.0)]",80,2,38.013999938964844,0.0
11,Experiment 3,Batch size of 25,20.0,"[[(0.0, 20.0)], [(16, 4.0)], [(18, 2.0)], [(16, 4.0)], [(0.0, 2.0)], [(0.0, 2.0)], [(0.0, 2.0), (6, 2), (12, 1), (17, 1)], [(0.0, 20.0)]]","[[20.0], [4.0], [2.0], [4.0], [2.0], [2.0], [2.0, 2, 1, 1], [20.0]]","[(0, 0.0, 0.0), (1, 16, 0.8), (2, 18, 0.9), (3, 16, 0.8), (4, 18, 0.9), (5, 18, 0.9), (6, 14, 0.7), (7, 0.0, 0.0)]",100,2,27.83299994468689,0.0
12,Experiment 4,No Flexibility (1x parallel),30.0,"[[(0.0, 30.0)], [(5, 25.0)], [(8, 4), (14, 16.0)], [(6, 1), (13, 1), (17, 13.0)], [(16, 1), (21, 9.0)], [(25, 5.0)], [(0.0, 1.0), (4, 1), (6, 5), (12, 18.0)], [(0.0, 2.0), (6, 3), (11, 1), (16, 14.0)], [(0.0, 3.0), (6, 4), (13, 1), (20, 1), (24, 6.0)], [(0.0, 4.0), (8, 1), (13, 2), (27, 3.0)], [(0.0, 5.0)], [(0.0, 30.0)]]","[[30.0], [25.0], [4, 16.0], [1, 1, 13.0], [1, 9.0], [5.0], [1.0, 1, 5, 18.0], [2.0, 3, 1, 14.0], [3.0, 4, 1, 1, 6.0], [4.0, 1, 2, 3.0], [5.0], [30.0]]","[(0, 0.0, 0.0), (1, 5, 0.16666666666666666), (2, 10, 0.3333333333333333), (3, 15, 0.5), (4, 20, 0.6666666666666666), (5, 25, 0.8333333333333334), (6, 5, 0.16666666666666666), (7, 10, 0.3333333333333333), (8, 15, 0.5), (9, 20, 0.6666666666666666), (10, 25, 0.8333333333333334), (11, 0.0, 0.0)]",150,2,0.12399983406066895,0.0
13,Experiment 4,Low Flexibility (2x parallel),20.0,"[[(0.0, 20.0)], [(16, 4.0)], [(11, 1), (13, 7.0)], [(17, 3.0)], [(16, 4.0)], [(9, 1), (15, 5.0)], [(0.0, 1.0), (2, 2)], [(0.0, 5.0), (6, 2), (10, 1), (16, 1)], [(0.0, 3.0)], [(0.0, 4.0)], [(0.0, 6.0)], [(0.0, 20.0)]]","[[20.0], [4.0], [1, 7.0], [3.0], [4.0], [1, 5.0], [1.0, 2], [5.0, 2, 1, 1], [3.0], [4.0], [6.0], [20.0]]","[(0, 0.0, 0.0), (1, 16, 0.8), (2, 12, 0.6), (3, 17, 0.85), (4, 16, 0.8), (5, 14, 0.7), (6, 17, 0.85), (7, 11, 0.55), (8, 17, 0.85), (9, 16, 0.8), (10, 14, 0.7), (11, 0.0, 0.0)]",150,2,2.194000005722046,0.0
14,Experiment 4,Medium Flexibility (3x parallel),20.0,"[[(0.0, 20.0)], [(15, 5.0)], [(16, 4.0)], [(17, 3.0)], [(12, 2), (16, 4.0)], [(13, 7.0)], [(0.0, 4.0)], [(0.0, 2.0), (4, 2)], [(0.0, 6.0)], [(0.0, 4.0)], [(0.0, 4.0), (17, 3.0)], [(0.0, 20.0)]]","[[20.0], [5.0], [4.0], [3.0], [2, 4.0], [7.0], [4.0], [2.0, 2], [6.0], [4.0], [4.0, 3.0], [20.0]]","[(0, 0.0, 0.0), (1, 15, 0.75), (2, 16, 0.8), (3, 17, 0.85), (4, 14, 0.7), (5, 13, 0.65), (6, 16, 0.8), (7, 16, 0.8), (8, 14, 0.7), (9, 16, 0.8), (10, 13, 0.65), (11, 0.0, 0.0)]",150,11,1043.5069999694824,
15,Experiment 4,Medium-High Flexibility (4x parallel),30.0,"[[(0.0, 30.0)], [(15, 1), (17, 13.0)], [(5, 2), (9, 1), (14, 10), (26, 4.0)], [(10, 4), (19, 11.0)], [(2, 1), (10, 1), (14, 4), (21, 9.0)], [(13, 1), (17, 13.0)], [(0.0, 5.0), (7, 1), (12, 3), (18, 4), (26, 1)], [(0.0, 3.0), (5, 2), (11, 2), (18, 3), (25, 1), (28, 2.0)], [(0.0, 1.0), (2, 3), (16, 14.0)], [(0.0, 4.0), (10, 5), (23, 3), (27, 3.0)], [(0.0, 5.0), (10, 3), (18, 7)], [(0.0, 30.0)]]","[[30.0], [1, 13.0], [2, 1, 10, 4.0], [4, 11.0], [1, 1, 4, 9.0], [1, 13.0], [5.0, 1, 3, 4, 1], [3.0, 2, 2, 3, 1, 2.0], [1.0, 3, 14.0], [4.0, 5, 3, 3.0], [5.0, 3, 7], [30.0]]","[(0, 0.0, 0.0), (1, 16, 0.5333333333333333), (2, 13, 0.43333333333333335), (3, 15, 0.5), (4, 15, 0.5), (5, 16, 0.5333333333333333), (6, 16, 0.5333333333333333), (7, 17, 0.5666666666666667), (8, 12, 0.4), (9, 15, 0.5), (10, 15, 0.5), (11, 0.0, 0.0)]",150,11,4.461999893188477,
